                  epoch,         train/box_loss,         train/cls_loss,         train/dfl_loss,   metrics/precision(B),      metrics/recall(B),       metrics/mAP50(B),    metrics/mAP50-95(B),           val/box_loss,           val/cls_loss,           val/dfl_loss,                 lr/pg0,                 lr/pg1,                 lr/pg2
                      1,                0.32993,                 1.8584,                 1.0377,                0.44335,                0.69824,                0.59846,                0.48087,                 0.3627,                 1.6106,                0.41964,             0.00041513,             0.00041513,             0.00041513
                      2,                0.24672,                 1.2011,                0.96882,                0.56984,                0.67176,                0.60691,                0.55482,                0.38297,                   1.18,                 0.3698,             0.00081121,             0.00081121,             0.00081121
