                  epoch,         train/box_loss,         train/cls_loss,         train/dfl_loss,   metrics/precision(B),      metrics/recall(B),       metrics/mAP50(B),    metrics/mAP50-95(B),           val/box_loss,           val/cls_loss,           val/dfl_loss,                 lr/pg0,                 lr/pg1,                 lr/pg2
                      1,                 1.1878,                 1.5897,                 1.1446,                0.86074,                0.89311,                0.94008,                0.68961,                0.97507,                0.86871,                 1.0749,             0.00041566,             0.00041566,             0.00041566
                      2,                 1.0745,                0.98986,                 1.1013,                0.93002,                0.89939,                0.94928,                0.67689,                  1.039,                 0.7936,                 1.1412,             0.00082055,             0.00082055,             0.00082055
                      3,                 1.0607,                0.89489,                 1.1117,                0.90607,                0.88353,                0.95432,                0.70675,                0.98639,                0.68471,                 1.1066,              0.0012137,              0.0012137,              0.0012137
                      4,                 1.0288,                0.81897,                 1.1033,                0.87781,                0.86997,                0.94872,                 0.7052,                0.94761,                  0.732,                 1.0927,               0.001197,               0.001197,               0.001197
                      5,                 1.0092,                0.78059,                  1.101,                0.77915,                  0.857,                0.87696,                0.65688,                0.97798,                0.95283,                 1.1026,              0.0011793,              0.0011793,              0.0011793
                      6,                0.99436,                0.74586,                 1.0956,                 0.9353,                0.93188,                0.96944,                0.73209,                0.93329,                 0.5169,                  1.092,              0.0011616,              0.0011616,              0.0011616
