                  epoch,         train/box_loss,         train/cls_loss,         train/dfl_loss,   metrics/precision(B),      metrics/recall(B),       metrics/mAP50(B),    metrics/mAP50-95(B),           val/box_loss,           val/cls_loss,           val/dfl_loss,                 lr/pg0,                 lr/pg1,                 lr/pg2
                      1,                 1.2059,                 3.5212,                 1.4448,                0.27504,                0.33253,                0.22601,                0.13172,                 1.5027,                 3.0931,                 1.8019,              0.0033305,              0.0033305,              0.0033305
                      2,                  1.191,                 2.3576,                 1.4213,                0.42104,                0.37556,                0.34701,                0.19193,                  1.541,                 2.7617,                 1.7748,              0.0065696,              0.0065696,              0.0065696
